,area_fips,own_code,year,annual_avg_estabs,annual_avg_emplvl,total_annual_wages
1,13000,0,2015,288777,4151011,2.05685E+11
2,13000,1,2015,2068,98853,7239004941
3,13000,2,2015,2678,141177,6253800317
4,13000,3,2015,3996,397584,15700367840
5,13000,5,2015,280035,3513397,1.76492E+11